{"type":"root","label":null,"url":"","children":[{"type":"category","label":"Women","url":"http:\/\/127.0.0.1\/fr\/3-women","children":[{"type":"category","label":"Tops","url":"http:\/\/127.0.0.1\/fr\/4-tops","children":[{"type":"category","label":"T-shirts","url":"http:\/\/127.0.0.1\/fr\/5-tshirts","children":[],"open_in_new_window":false,"image_urls":[],"page_identifier":"category-5","current":false,"depth":3},{"type":"category","label":"Blouses","url":"http:\/\/127.0.0.1\/fr\/7-blouses","children":[],"open_in_new_window":false,"image_urls":[],"page_identifier":"category-7","current":false,"depth":3}],"open_in_new_window":false,"image_urls":[],"page_identifier":"category-4","current":false,"depth":2},{"type":"category","label":"Dresses","url":"http:\/\/127.0.0.1\/fr\/8-dresses","children":[{"type":"category","label":"Casual Dresses","url":"http:\/\/127.0.0.1\/fr\/9-casual-dresses","children":[],"open_in_new_window":false,"image_urls":[],"page_identifier":"category-9","current":false,"depth":3},{"type":"category","label":"Evening Dresses","url":"http:\/\/127.0.0.1\/fr\/10-evening-dresses","children":[],"open_in_new_window":false,"image_urls":[],"page_identifier":"category-10","current":false,"depth":3},{"type":"category","label":"Summer Dresses","url":"http:\/\/127.0.0.1\/fr\/11-summer-dresses","children":[],"open_in_new_window":false,"image_urls":[],"page_identifier":"category-11","current":false,"depth":3}],"open_in_new_window":false,"image_urls":[],"page_identifier":"category-8","current":false,"depth":2}],"open_in_new_window":false,"image_urls":[],"page_identifier":"category-3","current":false,"depth":1}],"open_in_new_window":false,"image_urls":[],"page_identifier":null,"depth":0}